{"valid_acc": 74.45652173913044, "_timestamp": 1715195202.490245, "_runtime": 117.90017008781433, "_step": 10, "train_loss": 3.503636577854986, "train_acc": 75.61141304347827, "val_acc": 74.45652173913044, "test_acc": 82.09321342628377}