{"valid_acc": 89.62, "_timestamp": 1715193417.0050657, "_runtime": 697.9053926467896, "_step": 7, "train_loss": 2.2397872528076173, "train_acc": 88.6, "val_acc": 89.62, "_wandb": {"runtime": 730}}